CREATE DATABASE ORG;

USE ORG;

CREATE TABLE Worker (
	WORKER_ID INT NOT NULL PRIMARY KEY ,
	FIRST_NAME CHAR(25),
	LAST_NAME CHAR(25),
	SALARY INT,
	JOINING_DATE DATETIME,
	DEPARTMENT CHAR(25)
);

    INSERT INTO Worker  VALUES (001, 'Monika', 'Arora', 100000, '06-08-20 09:00:00', 'HR')

	INSERT INTO Worker VALUES(002, 'Niharika','Verma',80000, '06-08-20 09:00:00', 'Admin')

	INSERT INTO Worker VALUES(003, 'Vishal   '  ,   'Singhal', 300000, '06-08-20 09:00:00', 'HR')

    INSERT INTO Worker VALUES(004, 'Amitabh  '  , 'Singh', 500000, '06-08-20 09:00:00', 'Admin')

	INSERT INTO Worker VALUES(005, 'Vivek    '  , 'Bhati', 500000, '06-08-20 09:00:00', 'Admin')

	INSERT INTO Worker VALUES(006, 'Vipul    '  , 'Diwan', 200000, '06-08-20 09:00:00', 'Account')

	INSERT INTO Worker VALUES(007, 'Satish   '  , 'Kumar', 75000, '06-08-20 09:00:00', 'Account')

	INSERT INTO Worker VALUES(008, 'Geetika  '  , 'Chauhan', 90000, '06-08-20 09:00:00', 'Admin')

	SELECT *FROM WORKER

   CREATE TABLE Bonus (
	WORKER_REF_ID INT,
	BONUS_AMOUNT INT,
	BONUS_DATE DATETIME,
	FOREIGN KEY (WORKER_REF_ID)
		REFERENCES Worker(WORKER_ID)
        ON DELETE CASCADE
);
INSERT INTO Bonus VALUES
		(001, 5000, '06-08-20'),
		(002, 3000, '06-08-20'),
		(003, 4000, '06-08-20'),
		(001, 4500, '06-08-20'),
		(002, 3500, '06-08-20');


CREATE TABLE Title (
	WORKER_REF_ID INT,
	WORKER_TITLE CHAR(25),
	AFFECTED_FROM DATETIME,
	FOREIGN KEY (WORKER_REF_ID)
		REFERENCES Worker(WORKER_ID)
        ON DELETE CASCADE
);
INSERT INTO Title 
	(WORKER_REF_ID, WORKER_TITLE, AFFECTED_FROM) VALUES
 (001, 'Manager', '2016-02-20 00:00:00'),
 (002, 'Executive', '2016-06-11 00:00:00'),
 (008, 'Executive', '2016-06-11 00:00:00'),
 (005, 'Manager', '2016-06-11 00:00:00'),
 (004, 'Asst. Manager', '2016-06-11 00:00:00'),
 (007, 'Executive', '2016-06-11 00:00:00'),
 (006, 'Lead', '2016-06-11 00:00:00'),
 (003, 'Lead', '2016-06-11 00:00:00');



INSERT INTO  VALUES
 (001, 'Manager', '2016-02-20 00:00:00'),
 (002, 'Executive', '2016-06-11 00:00:00'),
 (008, 'Executive', '2016-06-11 00:00:00'),
 (005, 'Manager', '2016-06-11 00:00:00'),
 (004, 'Asst. Manager', '2016-06-11 00:00:00'),
 (007, 'Executive', '2016-06-11 00:00:00'),
 (006, 'Lead', '2016-06-11 00:00:00'),
 (003, 'Lead', '2016-06-11 00:00:00');


 use org;

 SELECT FIRST_NAME AS WORKER_NAME FROM Worker;

 SELECT UPPER(FIRST_NAME) FROM WORKER

 SELECT DISTINCT DEPARTMENT FROM WORKER

 SELECT SUBSTRING(FIRST_NAME,1,3)FROM WORKER


 SELECT  DISTINCT LEN(DEPARTMENT) FROM WORKER

 SELECT CONCAT(FIRST_NAME,' ',LAST_NAME) AS COMPLETE_NAME FROM WORKER

 SELECT * FROM WORKER WHERE FIRST_NAME IN('VIPUL','SATISH')

 SELECT * FROM WORKER WHERE DEPARTMENT LIKE 'ADMIN %'

 
 SELECT * FROM WORKER WHERE FIRST_NAME  LIKE '%A'
 
 SELECT * FROM WORKER WHERE FIRST_NAME  LIKE '%A%'





























